QUANTITYORDERED,PRICEEACH,SALES,MSRP,Cluster
30,95.7,2871.0,95,1
34,81.35,2765.9,95,1
41,94.74,3884.34,95,3
45,83.26,3746.7,95,2
49,100.0,5205.27,95,3
36,96.66,3479.76,95,1
29,86.13,2497.77,95,1
48,100.0,5512.32,95,3
22,98.57,2168.54,95,1
41,100.0,4708.44,95,3
37,100.0,3965.66,95,1
23,100.0,2333.12,95,1
28,100.0,3188.64,95,1
34,100.0,3676.76,95,1
45,92.83,4177.35,95,3
36,100.0,4099.68,95,1
23,100.0,2597.39,95,1
41,100.0,4394.38,95,3
46,94.74,4358.04,95,3
42,100.0,4396.14,95,3
41,100.0,7737.93,95,3
20,72.55,1451.0,95,0
21,34.91,733.11,95,0
42,76.36,3207.12,95,2
24,100.0,2434.56,95,1
66,100.0,7516.08,95,3
39,99.91,3896.49,118,3
29,96.34,2793.86,118,1
27,100.0,3307.77,118,1
37,100.0,5192.95,118,3
37,100.0,5016.83,118,3
27,100.0,3660.93,118,1
42,100.0,4695.6,118,3
38,96.34,3660.92,118,1
24,100.0,3025.92,118,1
23,100.0,3009.09,118,1
47,100.0,5422.39,118,3
22,100.0,2852.08,118,1
44,100.0,5756.52,118,3
40,100.0,4472.0,118,3
22,100.0,2904.44,118,1
47,100.0,6484.59,118,3
39,96.34,3757.26,118,3
34,100.0,4043.96,118,1
45,100.0,5566.5,118,3
20,100.0,3176.0,118,1
40,68.92,2756.8,118,2
26,51.15,1329.9,118,0
39,100.0,5288.01,118,3
50,44.51,2225.5,118,2
45,100.0,5833.8,118,3
45,100.0,5887.35,118,3
27,100.0,6065.55,193,3
31,100.0,7023.98,193,3
33,100.0,5176.38,193,3
22,100.0,4132.7,193,1
20,100.0,4183.0,193,1
34,100.0,6123.4,193,3
39,100.0,7023.9,193,3
43,100.0,7078.23,193,3
36,100.0,6901.92,193,3
27,100.0,5438.07,193,3
29,100.0,6683.34,193,3
20,100.0,4570.4,193,1
37,100.0,7667.14,193,3
26,100.0,5868.2,193,3
39,76.67,2990.13,193,3
22,100.0,3664.1,193,1
22,100.0,3834.38,193,1
21,86.77,1822.17,193,1
50,100.0,7208.0,136,3
46,100.0,5004.8,136,3
33,100.0,4398.24,136,1
49,100.0,5597.76,136,3
32,100.0,4526.08,136,1
44,100.0,5924.16,136,3
24,100.0,3492.48,136,1
26,100.0,3854.24,136,1
45,100.0,5324.4,136,3
39,100.0,5197.92,136,3
49,100.0,5997.6,136,3
20,100.0,2910.4,136,1
27,100.0,3378.24,136,1
30,100.0,3508.8,136,1
25,100.0,2992.0,136,1
24,100.0,3427.2,136,1
22,100.0,2692.8,136,1
33,100.0,4128.96,136,1
47,64.93,3051.71,136,2
25,48.05,1201.25,136,0
26,75.47,1962.22,136,1
48,54.68,2624.64,136,2
39,100.0,4046.25,136,3
34,100.0,4846.7,136,3
32,100.0,3370.56,136,1
19,100.0,2764.88,136,1
42,100.0,5398.26,147,3
31,100.0,4305.28,147,1
22,100.0,3347.74,147,1
26,100.0,3188.12,147,1
20,100.0,3191.2,147,1
21,100.0,3536.82,147,1
33,100.0,5362.83,147,3
28,100.0,3433.36,147,1
26,100.0,4263.74,147,1
31,100.0,4076.19,147,1
48,100.0,7020.48,147,3
50,100.0,6426.5,147,3
28,100.0,4591.72,147,1
26,100.0,4033.38,147,1
32,100.0,4302.08,147,1
44,100.0,7020.64,147,3
30,100.0,3855.9,147,1
38,100.0,6680.78,147,3
40,100.0,6678.0,147,3
46,61.99,2851.54,147,2
26,100.0,3188.12,147,1
27,100.0,4428.0,147,1
43,100.0,5780.92,147,3
35,65.63,2297.05,147,1
37,100.0,6231.54,147,3
37,46.9,1735.3,147,0
27,100.0,4427.73,147,1
38,100.0,5894.94,147,3
33,100.0,5265.15,194,3
42,100.0,7599.9,194,3
30,100.0,5019.9,194,3
27,100.0,5411.07,194,3
21,100.0,3840.9,194,1
20,100.0,3930.4,194,1
41,100.0,7498.9,194,3
27,100.0,4517.91,194,1
28,100.0,5774.72,194,3
24,100.0,3922.56,194,1
21,100.0,3432.24,194,1
33,100.0,5521.89,194,3
33,100.0,6934.62,194,3
31,100.0,6876.11,194,3
41,71.47,2930.27,194,3
45,79.65,3584.25,194,3
33,85.39,2817.87,194,1
45,76.0,3420.0,194,3
26,99.04,2575.04,194,1
12,100.0,1961.28,194,1
33,100.0,6034.38,207,3
20,100.0,4904.0,207,1
33,100.0,7474.5,207,3
21,100.0,3883.74,207,1
32,100.0,7181.44,207,3
35,100.0,5818.4,207,3
41,100.0,7071.27,207,3
31,100.0,6570.76,207,3
42,64.0,2688.0,207,3
33,57.22,1888.26,207,1
48,52.36,2513.28,207,3
42,100.0,4764.48,207,3
32,100.0,3560.64,207,1
34,100.0,3823.64,207,3
33,69.12,2280.96,207,1
27,100.0,3394.98,136,1
21,100.0,3415.44,136,1
21,100.0,2439.57,136,1
38,100.0,4829.8,136,3
30,100.0,4100.1,136,1
49,100.0,6563.06,136,3
43,100.0,6817.22,136,3
41,100.0,6163.94,136,3
38,100.0,4933.92,136,3
28,100.0,4056.36,136,1
43,100.0,5759.42,136,3
25,100.0,3451.0,136,1
38,100.0,5920.4,136,3
41,100.0,6668.24,136,3
28,100.0,4094.72,136,1
25,100.0,2938.5,136,1
41,100.0,6387.8,136,3
39,100.0,6396.0,136,3
21,100.0,2669.1,136,1
27,100.0,4784.13,136,1
33,99.21,3273.93,136,1
29,100.0,3586.43,136,1
49,100.0,5960.36,136,3
20,100.0,2952.0,136,1
39,63.2,2464.8,136,2
40,100.0,6232.0,136,3
21,100.0,3036.6,150,1
20,100.0,2711.2,150,1
38,100.0,6238.84,150,3
35,100.0,4639.25,150,3
40,100.0,6747.6,150,3
28,100.0,4512.48,150,1
25,100.0,4029.0,150,1
36,100.0,4771.8,150,3
43,100.0,6087.94,150,3
32,100.0,4193.28,150,1
46,100.0,7552.28,150,3
48,100.0,6434.4,150,3
43,100.0,5181.5,150,3
49,100.0,6863.92,150,3
24,100.0,4157.04,150,1
26,100.0,4660.24,150,1
30,100.0,4111.8,150,1
24,100.0,3542.64,150,1
22,100.0,3877.06,150,1
49,78.92,3867.08,150,3
44,100.0,5951.44,150,3
21,100.0,3447.78,150,1
34,100.0,5958.5,151,3
43,100.0,5911.64,151,3
46,100.0,7366.44,151,3
33,100.0,4985.64,151,3
42,100.0,5393.64,151,3
34,100.0,4880.02,151,3
33,100.0,4038.21,151,1
24,100.0,3807.12,151,1
26,100.0,3142.36,151,1
30,100.0,4713.6,151,1
43,100.0,7016.31,151,3
25,100.0,4381.25,151,1
27,100.0,4283.01,151,1
27,100.0,4364.82,151,1
24,100.0,4242.24,151,1
34,100.0,4982.7,151,3
46,100.0,6393.54,151,3
27,54.33,1466.91,151,0
33,100.0,4059.33,151,1
47,100.0,4801.52,151,3
49,55.34,2711.66,151,2
40,100.0,5862.0,151,3
37,100.0,4071.85,151,3
45,100.0,6130.35,117,3
37,99.82,3693.34,117,1
48,100.0,6031.68,117,3
31,100.0,3494.94,117,1
46,100.0,5294.14,117,3
47,100.0,5464.69,117,3
28,100.0,2860.76,117,1
40,100.0,5590.0,117,3
20,100.0,2254.8,117,1
39,100.0,4946.76,117,3
25,99.82,2495.5,117,1
29,100.0,3167.38,117,1
22,100.0,2402.84,117,1
22,100.0,2454.54,117,1
47,100.0,5464.69,117,3
45,100.0,4756.5,117,3
29,100.0,3984.6,117,1
24,100.0,3100.32,117,1
35,100.0,4850.3,117,3
46,83.63,3846.98,117,3
44,95.93,4220.92,117,3
34,96.73,3288.82,117,1
35,100.0,3987.2,117,1
25,72.38,1809.5,117,1
10,100.0,1092.2,117,1
29,100.0,4566.05,173,1
39,100.0,5938.14,173,3
49,100.0,7036.89,173,3
27,100.0,5559.03,173,3
50,100.0,7872.5,173,3
43,100.0,7886.2,173,3
38,100.0,7232.16,173,3
20,100.0,3114.4,173,1
27,100.0,5045.22,173,1
49,100.0,6952.12,173,3
27,100.0,4157.73,173,1
39,100.0,7962.24,173,3
24,100.0,3778.8,173,1
20,100.0,3633.4,173,1
36,100.0,6913.8,173,3
24,100.0,2583.6,173,1
49,63.38,3105.62,173,3
26,100.0,4408.56,173,1
49,62.09,3042.41,173,3
34,100.0,5941.5,173,3
34,95.35,3241.9,173,1
33,100.0,6109.29,173,3
22,100.0,3387.78,173,1
39,89.38,3485.82,79,2
32,63.84,2042.88,79,0
24,75.01,1800.24,79,0
21,63.84,1340.64,79,0
24,73.42,1762.08,79,0
36,63.84,2298.24,79,2
20,81.4,1628.0,79,0
30,64.64,1939.2,79,0
44,82.99,3651.56,79,2
28,92.57,2591.96,79,1
37,77.41,2864.17,79,2
20,74.21,1484.2,79,0
25,90.17,2254.25,79,1
35,76.61,2681.35,79,2
38,83.79,3184.02,79,2
41,69.43,2846.63,79,2
22,76.61,1685.42,79,0
49,81.4,3988.6,79,2
38,73.42,2789.96,79,2
33,100.0,3607.56,79,1
36,93.56,3368.16,79,1
34,81.62,2775.08,79,2
24,67.83,1627.92,79,0
36,70.26,2529.36,79,2
34,90.17,3065.78,79,1
41,100.0,4615.78,118,3
46,100.0,5723.78,118,3
24,100.0,2559.6,118,1
21,100.0,2140.11,118,1
24,100.0,3327.6,118,1
48,100.0,6825.6,118,3
26,100.0,3543.28,118,1
37,100.0,4516.22,118,3
49,100.0,6445.46,118,3
34,99.54,3384.36,118,1
48,100.0,4891.68,118,3
36,100.0,4521.96,118,3
46,100.0,5069.66,118,3
46,100.0,6541.2,118,3
31,97.17,3012.27,118,1
41,100.0,5247.18,118,3
21,100.0,2214.87,118,1
38,100.0,4773.18,118,3
45,100.0,6185.7,118,3
26,58.38,1517.88,118,0
38,100.0,6372.6,118,3
48,100.0,5232.96,118,3
42,64.16,2694.72,118,2
49,35.71,1749.79,118,2
32,66.58,2130.56,118,0
54,100.0,5951.34,118,3
33,100.0,4692.6,118,3
36,100.0,3731.04,115,1
20,100.0,2142.0,115,1
29,97.89,2838.81,115,1
33,97.89,3230.37,115,1
50,100.0,5182.0,115,3
41,100.0,4391.1,115,3
36,100.0,4477.32,115,3
27,100.0,3544.56,115,1
47,100.0,5195.85,115,3
33,100.0,4180.44,115,1
21,100.0,2684.43,115,1
21,93.28,1958.88,115,1
41,100.0,4910.57,115,3
40,100.0,4468.4,115,3
28,100.0,3127.88,115,1
23,100.0,2675.13,115,1
23,100.0,2807.61,115,1
25,100.0,2504.75,115,1
24,100.0,2984.88,115,1
39,64.74,2524.86,115,2
55,75.2,4136.0,115,2
46,88.45,4068.7,115,3
50,100.0,5182.0,115,3
47,100.0,5243.79,115,3
32,100.0,3832.64,115,1
35,100.0,3920.0,116,1
49,100.0,4916.66,116,3
38,100.0,3857.0,116,3
32,100.0,4181.44,116,1
34,100.0,4641.0,116,3
36,99.17,3570.12,116,1
48,93.34,4480.32,116,3
21,96.84,2033.64,116,1
21,93.34,1960.14,116,1
34,100.0,3966.78,116,1
46,100.0,5152.0,116,3
32,100.0,3360.0,116,1
29,100.0,3451.0,116,1
41,100.0,5453.0,116,3
43,96.84,4164.12,116,3
24,100.0,2800.08,116,1
41,100.0,4687.94,116,3
46,98.0,4508.0,116,3
32,100.0,4181.44,116,1
22,100.0,2251.04,116,1
29,40.25,1167.25,116,0
42,49.6,2083.2,116,2
39,98.0,3822.0,116,3
27,100.0,3911.49,116,1
48,98.0,4704.0,116,3
29,85.1,2467.9,116,1
27,100.0,3213.0,116,1
54,100.0,7182.0,116,3
26,100.0,4379.18,141,1
34,100.0,5004.8,141,3
25,100.0,3644.75,141,1
23,100.0,2702.04,141,1
28,100.0,3764.88,141,1
35,100.0,4508.0,141,3
44,100.0,5418.16,141,3
22,100.0,3300.66,141,1
42,100.0,6182.4,141,3
29,100.0,4186.73,141,1
32,100.0,4529.28,141,1
41,100.0,5628.89,141,3
26,100.0,3054.48,141,1
21,100.0,2526.51,141,1
34,100.0,4667.86,141,3
41,100.0,6499.32,141,3
37,100.0,5917.78,141,3
37,100.0,6231.91,141,3
41,100.0,5803.14,141,3
46,100.0,6434.02,141,3
40,100.0,6454.4,141,3
43,97.6,4196.8,141,3
30,87.06,2611.8,141,1
35,100.0,5895.05,141,3
36,93.77,3375.72,141,1
38,100.0,4464.24,141,3
39,100.0,4808.31,102,3
33,99.66,3288.78,102,1
32,100.0,3254.72,102,1
31,100.0,3184.94,102,1
50,100.0,5907.5,102,3
48,91.44,4389.12,102,3
43,100.0,5036.16,102,3
25,87.33,2183.25,102,1
28,100.0,3106.88,102,1
36,100.0,3735.72,102,1
27,89.38,2413.26,102,1
25,100.0,2953.75,102,1
40,100.0,4684.8,102,3
34,95.55,3248.7,102,1
50,100.0,5239.5,102,3
38,100.0,4567.98,102,3
37,95.55,3535.35,102,1
43,89.38,3843.34,102,3
43,86.3,3710.9,102,2
46,95.13,4375.98,102,3
42,36.11,1516.62,102,2
50,50.18,2509.0,102,2
27,93.16,2515.32,102,1
35,100.0,5548.9,102,3
51,95.55,4873.05,102,3
41,50.14,2055.74,53,2
48,49.06,2354.88,53,2
42,54.99,2309.58,53,2
49,43.13,2113.37,53,2
30,58.22,1746.6,53,0
45,51.21,2304.45,53,2
48,44.21,2122.08,53,2
32,54.45,1742.4,53,0
46,53.37,2455.02,53,2
48,63.61,3053.28,53,2
33,43.13,1423.29,53,0
31,48.52,1504.12,53,0
20,58.22,1164.4,53,0
29,51.75,1500.75,53,0
27,57.68,1557.36,53,0
24,56.07,1345.68,53,0
37,48.52,1795.24,53,0
25,44.21,1105.25,53,0
41,57.68,2364.88,53,2
27,89.89,2427.03,53,0
21,58.95,1237.95,53,0
22,72.41,1593.02,53,0
32,98.63,3156.16,53,1
25,52.83,1320.75,53,0
42,100.0,4998.0,53,3
25,51.75,1293.75,53,0
37,100.0,5433.08,124,3
26,100.0,3073.72,124,1
44,99.55,4380.2,124,3
47,100.0,5848.68,124,3
43,100.0,6153.73,124,3
42,100.0,4965.24,124,3
42,100.0,5435.64,124,3
29,100.0,4258.36,124,1
40,100.0,4032.0,124,3
38,100.0,4492.36,124,3
38,100.0,4161.38,124,3
21,100.0,2508.66,124,1
24,100.0,3374.88,124,1
36,100.0,5196.6,124,3
23,100.0,2604.52,124,1
20,100.0,2936.8,124,1
32,100.0,3424.64,124,1
29,100.0,2923.2,124,1
44,100.0,4489.76,124,3
44,100.0,4849.24,124,3
36,100.0,5848.92,124,3
49,56.3,2758.7,124,2
34,42.64,1449.76,124,0
59,100.0,7048.14,124,3
37,100.0,5202.94,124,3
36,100.0,5279.4,157,3
43,100.0,6916.12,157,3
21,100.0,2781.66,157,1
32,100.0,5248.0,157,3
38,100.0,6531.44,157,3
43,100.0,5763.72,157,3
42,100.0,6490.68,157,3
32,100.0,6004.8,157,3
42,100.0,7483.98,157,3
31,100.0,5719.5,157,3
49,100.0,6954.08,157,3
49,100.0,6567.96,157,3
41,100.0,6724.0,157,3
45,100.0,5747.85,157,3
36,100.0,5676.84,157,3
39,100.0,7379.97,157,3
27,100.0,3704.13,157,1
25,100.0,2804.75,157,1
41,100.0,5624.79,157,3
39,99.52,3881.28,157,3
28,57.55,1611.4,157,1
25,54.57,1364.25,157,0
33,100.0,4215.09,157,1
34,100.0,6433.82,157,3
24,100.0,4352.16,157,1
30,100.0,5151.0,170,3
42,100.0,6069.0,170,3
21,100.0,2856.0,170,1
34,100.0,5375.4,170,3
29,100.0,5176.5,170,3
24,100.0,3508.8,170,1
44,100.0,7554.8,170,3
21,100.0,3141.6,170,1
33,100.0,5890.5,170,3
30,100.0,5967.0,170,3
26,100.0,3712.8,170,1
41,100.0,7597.3,170,3
26,100.0,3668.6,170,1
32,100.0,5875.2,170,3
43,100.0,7310.0,170,3
44,74.04,3257.76,170,3
45,100.0,7650.0,170,3
37,100.0,4703.81,170,3
39,100.0,5399.55,170,3
37,100.0,5283.6,170,3
38,82.39,3130.82,77,2
43,72.38,3112.34,77,2
48,79.31,3806.88,77,2
26,82.39,2142.14,77,0
38,88.55,3364.9,77,2
20,63.14,1262.8,77,0
22,73.92,1626.24,77,0
45,90.86,4088.7,77,2
45,85.47,3846.15,77,2
20,66.99,1339.8,77,0
47,64.68,3039.96,77,2
46,73.92,3400.32,77,2
23,83.93,1930.39,77,1
33,74.69,2464.77,77,0
29,90.86,2634.94,77,1
44,82.39,3625.16,77,2
41,92.4,3788.4,77,2
20,91.63,1832.6,77,1
37,78.54,2905.98,77,2
29,100.0,2954.81,77,1
55,65.45,3599.75,77,2
22,100.0,3686.54,77,1
31,67.76,2100.56,77,0
49,79.22,3881.78,77,2
61,73.92,4509.12,77,2
39,83.93,3273.27,77,2
38,100.0,4432.7,142,3
31,100.0,4100.99,142,1
36,100.0,5274.72,142,3
25,100.0,4232.0,142,1
48,100.0,6145.44,142,3
35,100.0,4680.2,142,3
21,100.0,3286.08,142,1
47,100.0,7421.3,142,3
38,100.0,6432.64,142,3
41,100.0,4840.87,142,3
24,100.0,3892.08,142,1
37,100.0,5526.32,142,3
33,100.0,4459.62,142,3
49,100.0,6203.4,142,3
29,100.0,3754.05,142,1
24,100.0,3516.48,142,1
47,100.0,7488.04,142,3
24,100.0,3448.08,142,1
25,100.0,3734.0,142,1
30,32.47,974.1,142,0
22,100.0,3160.74,142,1
27,64.69,1746.63,142,1
34,100.0,4207.84,142,3
36,100.0,4352.76,142,3
34,43.05,1463.7,142,0
48,100.0,7169.28,142,3
34,100.0,4594.76,142,3
24,100.0,3457.92,163,1
46,100.0,7381.16,163,3
45,100.0,7146.9,163,3
39,100.0,5938.53,163,3
43,100.0,7110.91,163,3
29,100.0,5032.95,163,3
20,100.0,3667.6,163,1
46,100.0,7381.16,163,3
27,100.0,5128.11,163,1
44,100.0,7060.24,163,3
49,100.0,7300.51,163,3
40,100.0,6549.2,163,3
30,100.0,5697.9,163,3
23,100.0,3238.63,163,1
26,100.0,4554.94,163,1
27,100.0,3934.44,163,1
42,100.0,5776.26,163,3
47,100.0,7207.45,163,3
49,100.0,7460.74,163,3
38,100.0,6719.54,163,3
20,100.0,2428.0,163,1
25,100.0,2602.25,163,1
25,88.0,2200.0,163,1
41,100.0,6712.93,163,3
28,100.0,5318.04,163,3
50,67.8,3390.0,60,2
32,50.25,1608.0,60,0
42,53.88,2262.96,60,2
24,62.36,1496.64,60,0
27,69.62,1879.74,60,0
26,57.51,1495.26,60,0
38,61.15,2323.7,60,2
42,59.33,2491.86,60,2
23,71.44,1643.12,60,0
21,62.96,1322.16,60,0
28,50.85,1423.8,60,0
33,72.65,2397.45,60,0
25,62.96,1574.0,60,0
28,61.75,1729.0,60,0
46,49.04,2255.84,60,2
30,61.15,1834.5,60,0
38,84.25,3201.5,60,2
40,56.91,2276.4,60,2
27,49.3,1331.1,60,0
42,72.65,3051.3,60,2
36,63.57,2288.52,60,0
29,100.0,3772.61,122,1
39,100.0,4164.42,122,3
45,100.0,6295.95,122,3
47,100.0,6287.66,122,3
49,100.0,5412.54,122,3
46,100.0,5984.14,122,3
48,100.0,5891.04,122,3
46,100.0,5984.14,122,3
35,100.0,3608.15,122,1
43,100.0,5752.54,122,3
26,100.0,3765.32,122,1
22,98.18,2159.96,122,1
34,99.41,3379.94,122,1
50,100.0,5093.5,122,3
48,100.0,5773.44,122,3
41,100.0,4528.86,122,3
36,100.0,4816.08,122,3
29,100.0,3416.78,122,1
33,37.48,1236.84,122,0
46,100.0,5814.86,122,3
38,100.0,5223.48,122,3
20,36.42,728.4,122,0
22,100.0,3949.0,122,1
27,100.0,3843.99,122,1
56,98.18,5498.08,122,3
38,99.41,3777.58,122,3
25,100.0,3782.0,127,1
33,100.0,3859.68,127,1
42,100.0,4431.84,127,3
33,100.0,4950.33,127,3
38,100.0,4299.7,127,3
31,100.0,4492.83,127,1
20,100.0,2212.0,127,1
44,100.0,4642.88,127,3
26,100.0,3206.32,127,1
27,100.0,3604.23,127,1
46,100.0,7017.76,127,3
47,100.0,6154.18,127,3
37,100.0,4750.8,127,3
31,100.0,3822.92,127,1
24,100.0,2440.8,127,1
31,100.0,4729.36,127,1
35,64.69,2264.15,127,2
30,100.0,3928.2,127,1
29,100.0,3630.22,127,1
27,100.0,4196.07,127,1
40,100.0,4931.6,127,3
31,98.99,3068.69,127,1
6,100.0,785.64,127,1
45,100.0,4977.0,127,3
22,54.09,1189.98,60,0
45,68.67,3090.15,60,2
43,65.02,2795.86,60,2
46,61.99,2851.54,60,2
39,69.28,2701.92,60,2
31,71.1,2204.1,60,0
41,69.28,2840.48,60,2
44,60.16,2647.04,60,2
45,70.49,3172.05,60,2
37,69.89,2585.93,60,2
35,61.38,2148.3,60,0
28,59.55,1667.4,60,0
30,61.99,1859.7,60,0
30,49.22,1476.6,60,0
25,69.28,1732.0,60,0
29,57.73,1674.17,60,0
26,57.73,1500.98,60,0
41,53.48,2192.68,60,2
34,52.87,1797.58,60,0
35,61.21,2142.35,60,0
34,61.38,2086.92,60,0
50,100.0,6834.5,60,3
41,61.99,2541.59,60,2
22,96.86,2130.92,60,1
35,48.62,1701.7,60,0
44,38.5,1694.0,60,2
47,61.99,2913.53,60,2
19,49.22,935.18,60,0
34,90.39,3073.26,84,1
29,71.81,2082.49,84,0
49,69.27,3394.23,84,2
30,85.32,2559.6,84,1
21,70.96,1490.16,84,0
50,76.88,3844.0,84,2
47,100.0,4724.91,84,3
24,76.03,1824.72,84,0
27,98.84,2668.68,84,1
33,86.17,2843.61,84,1
35,90.39,3163.65,84,1
31,71.81,2226.11,84,0
25,82.79,2069.75,84,1
27,82.79,2235.33,84,1
31,100.0,3116.43,84,1
45,100.0,4781.7,84,3
27,100.0,2810.7,84,1
27,100.0,3515.67,84,1
42,69.27,2909.34,84,2
21,74.77,1570.17,84,0
34,76.88,2613.92,84,2
42,76.03,3193.26,84,2
15,98.84,1482.6,84,1
29,70.87,2055.23,60,0
46,58.15,2674.9,60,2
30,61.78,1853.4,60,0
30,49.67,1490.1,60,0
42,51.48,2162.16,60,2
46,61.18,2814.28,60,2
25,64.2,1605.0,60,0
32,65.42,2093.44,60,0
30,64.81,1944.3,60,0
40,49.67,1986.8,60,2
28,60.57,1695.96,60,0
23,55.72,1281.56,60,0
29,61.18,1774.22,60,0
34,58.75,1997.5,60,0
37,63.6,2353.2,60,2
20,49.06,981.2,60,0
32,48.46,1550.72,60,0
34,52.09,1771.06,60,0
42,52.7,2213.4,60,2
38,100.0,5266.04,60,3
30,62.16,1864.8,60,0
23,49.67,1142.41,60,0
22,53.3,1172.6,60,0
39,100.0,6981.0,60,3
55,55.72,3064.6,60,2
36,61.18,2202.48,60,0
26,100.0,3773.38,168,1
31,100.0,5074.39,168,3
34,100.0,6483.46,168,3
41,100.0,7956.46,168,3
23,100.0,4230.62,168,1
48,100.0,7209.12,168,3
22,100.0,3452.68,168,1
21,100.0,3047.73,168,1
22,100.0,3675.32,168,1
40,100.0,7492.4,168,3
29,100.0,5579.02,168,3
43,100.0,5950.34,168,3
24,100.0,3726.0,168,1
22,100.0,4455.0,168,1
20,100.0,3577.6,168,1
25,100.0,3881.25,168,1
36,100.0,5797.44,168,3
24,52.67,1264.08,168,0
21,100.0,4815.3,168,1
30,100.0,4462.2,168,1
32,94.79,3033.28,168,1
21,47.18,990.78,168,0
26,78.11,2030.86,168,1
35,100.0,5433.75,168,3
26,100.0,3157.44,132,1
46,100.0,5161.2,132,3
37,100.0,4346.76,132,3
27,100.0,3528.36,132,1
23,100.0,3187.8,132,1
39,100.0,6023.16,132,3
27,100.0,3884.76,132,1
38,100.0,4965.84,132,3
27,100.0,4169.88,132,1
40,100.0,4910.4,132,3
24,100.0,3231.36,132,1
44,100.0,6853.44,132,3
37,100.0,5177.04,132,3
20,100.0,2824.8,132,1
39,100.0,4324.32,132,3
44,100.0,5052.96,132,3
22,100.0,3223.44,132,1
43,100.0,5278.68,132,3
27,100.0,2851.2,132,1
26,64.9,1687.4,132,1
25,52.32,1308.0,132,0
49,100.0,6144.6,132,3
29,100.0,5127.2,132,1
41,100.0,6386.16,132,3
55,100.0,7695.6,132,3
27,83.07,2242.89,101,1
23,100.0,2539.89,101,1
31,90.17,2795.27,101,1
46,100.0,5545.76,101,3
47,91.18,4285.46,101,3
31,100.0,3329.09,101,1
46,100.0,5592.22,101,3
37,89.15,3298.55,101,1
28,93.21,2609.88,101,1
37,90.17,3336.29,101,1
49,100.0,5510.05,101,3
24,100.0,2504.4,101,1
30,100.0,3525.6,101,1
50,88.14,4407.0,101,3
31,96.24,2983.44,101,1
46,100.0,5126.24,101,3
47,100.0,5713.79,101,3
46,100.0,4613.8,101,3
37,100.0,3711.1,101,1
33,100.0,3524.73,101,1
31,90.17,2795.27,101,1
48,100.0,4814.4,101,3
41,87.13,3572.33,101,2
42,100.0,4581.36,101,3
41,100.0,4319.76,101,3
32,45.25,1448.0,101,0
10,88.14,881.4,101,1
35,57.46,2011.1,62,0
28,64.33,1801.24,62,0
46,73.7,3390.2,62,2
20,71.2,1424.0,62,0
30,49.97,1499.1,62,0
48,69.96,3358.08,62,2
28,53.72,1504.16,62,0
39,68.08,2655.12,62,2
24,51.84,1244.16,62,0
28,67.46,1888.88,62,0
31,58.71,1820.01,62,0
45,63.71,2866.95,62,2
24,58.09,1394.16,62,0
49,53.72,2632.28,62,2
32,63.08,2018.56,62,0
43,68.71,2954.53,62,2
37,50.59,1871.83,62,0
24,64.96,1559.04,62,0
35,53.72,1880.2,62,0
41,29.87,1224.67,62,0
26,100.0,2979.08,62,1
34,64.96,2208.64,62,0
49,70.58,3458.42,62,2
28,44.21,1237.88,62,0
40,68.08,2723.2,62,2
37,59.96,2218.52,62,2
31,53.72,1665.32,62,0
41,83.44,3421.04,86,2
21,89.46,1878.66,86,1
40,96.34,3853.6,86,3
46,74.84,3442.64,86,2
44,79.14,3482.16,86,2
46,73.12,3363.52,86,2
41,81.72,3350.52,86,2
32,89.46,2862.72,86,1
46,87.74,4036.04,86,2
28,100.0,2817.92,86,1
49,94.62,4636.38,86,3
21,73.98,1553.58,86,0
32,84.3,2697.6,86,1
34,98.06,3334.04,86,1
21,98.06,2059.26,86,1
21,96.34,2023.14,86,1
31,83.44,2586.64,86,1
21,94.62,1987.02,86,1
25,45.86,1146.5,86,0
28,82.58,2312.24,86,1
43,64.97,2793.71,86,2
22,86.74,1908.28,86,1
37,93.01,3441.37,86,1
28,72.26,2023.28,86,0
30,74.84,2245.2,86,0
44,73.98,3255.12,86,2
25,100.0,2539.5,104,1
43,100.0,4818.15,104,3
30,97.39,2921.7,104,1
20,90.06,1801.2,104,1
26,100.0,2804.36,104,1
40,100.0,4900.8,104,3
31,89.01,2759.31,104,1
22,100.0,2488.2,104,1
23,100.0,2769.89,104,1
30,100.0,3581.4,104,1
49,100.0,5285.14,104,3
31,100.0,3181.53,104,1
29,100.0,3340.51,104,1
37,84.82,3138.34,104,1
38,100.0,4775.08,104,3
29,100.0,3006.43,104,1
23,100.0,2866.26,104,1
26,85.87,2232.62,104,1
38,100.0,4457.02,104,3
48,47.04,2257.92,104,2
40,39.8,1592.0,104,0
45,100.0,4948.2,104,3
44,100.0,5160.76,104,3
21,94.22,1978.62,104,1
35,100.0,4288.2,104,1
29,86.92,2520.68,104,1
21,84.82,1781.22,104,1
22,100.0,3065.04,136,1
26,100.0,3551.34,136,1
41,100.0,5544.02,136,3
47,100.0,6034.33,136,3
31,100.0,3641.57,136,1
43,100.0,6930.74,136,3
23,100.0,3675.63,136,1
28,100.0,3442.04,136,1
49,100.0,6893.81,136,3
24,100.0,2622.48,136,1
33,100.0,4417.38,136,1
22,100.0,3606.02,136,1
32,100.0,3802.56,136,1
40,100.0,5026.4,136,3
43,100.0,6695.53,136,3
24,100.0,2819.28,136,1
32,100.0,3759.04,136,1
20,100.0,2731.8,136,1
24,69.12,1658.88,136,1
48,100.0,5778.24,136,3
44,100.0,5191.12,136,3
28,100.0,3862.88,136,1
24,61.52,1476.48,136,0
33,100.0,5273.73,136,3
41,100.0,4872.03,136,3
23,100.0,4556.99,169,1
25,100.0,3598.5,169,1
22,100.0,3837.24,169,1
34,100.0,4836.5,169,3
32,100.0,5418.88,169,3
21,100.0,3734.01,169,1
20,100.0,3996.4,169,1
39,100.0,5481.45,169,3
29,100.0,4419.89,169,1
45,100.0,6324.75,169,3
28,100.0,4409.72,169,1
26,100.0,3918.46,169,1
50,100.0,7620.5,169,3
25,100.0,3937.25,169,1
40,100.0,5554.4,169,3
43,100.0,6407.86,169,3
22,100.0,4172.52,169,1
47,100.0,7083.37,169,3
36,100.0,7132.68,169,3
40,100.0,6773.6,169,3
27,100.0,3657.69,169,1
29,100.0,4812.55,169,1
20,100.0,3928.6,169,1
42,100.0,6401.22,169,3
25,100.0,4191.25,169,1
36,100.0,5852.52,169,3
21,100.0,2844.87,169,1
23,100.0,4011.66,169,1
37,100.0,7455.87,169,3
25,100.0,4572.25,169,1
33,100.0,5700.09,169,3
27,100.0,3155.49,169,1
27,100.0,4170.69,169,1
20,100.0,2878.8,169,1
30,100.0,5029.5,169,3
48,100.0,7396.8,169,3
32,93.49,2991.68,169,1
34,100.0,6275.72,169,3
27,56.85,1534.95,169,1
39,100.0,7264.53,169,3
47,100.0,6869.05,169,3
22,100.0,3353.02,169,1
35,100.0,5926.9,169,3
28,100.0,3793.16,169,1
38,100.0,4330.1,100,3
21,95.8,2011.8,100,1
41,100.0,4837.18,100,3
22,97.81,2151.82,100,1
29,88.74,2573.46,100,1
50,100.0,5344.5,100,3
29,100.0,3070.52,100,1
49,80.67,3952.83,100,2
35,100.0,3564.75,100,1
48,100.0,5614.56,100,3
23,80.67,1855.41,100,1
48,95.8,4598.4,100,3
42,100.0,5082.42,100,3
47,100.0,5450.59,100,3
36,100.0,4174.92,100,1
22,100.0,2418.24,100,1
40,91.76,3670.4,100,3
23,100.0,2481.7,100,1
32,100.0,3807.68,100,1
21,100.0,2230.41,100,1
41,93.04,3814.64,100,3
25,84.71,2117.75,100,1
26,100.0,3340.48,100,1
24,89.75,2154.0,100,1
48,100.0,5808.48,100,3
26,68.35,1777.1,80,0
21,73.17,1536.57,80,0
45,78.0,3510.0,80,2
36,86.04,3097.44,80,2
21,81.21,1705.41,80,0
32,70.76,2264.32,80,0
30,82.82,2484.6,80,1
36,94.88,3415.68,80,1
33,86.04,2839.32,80,1
35,78.0,2730.0,80,2
37,95.69,3540.53,80,1
41,73.17,2999.97,80,2
20,76.39,1527.8,80,0
45,86.84,3907.8,80,2
38,69.96,2658.48,80,2
43,70.76,3042.68,80,2
49,78.8,3861.2,80,2
27,80.41,2171.07,80,0
46,73.98,3403.08,80,2
38,59.1,2245.8,80,2
25,66.74,1668.5,80,0
46,60.3,2773.8,80,2
22,100.0,2464.0,80,1
40,100.0,5491.6,80,3
46,100.0,4791.82,99,3
39,100.0,4178.85,99,3
38,82.34,3128.92,99,2
30,100.0,3095.4,99,1
42,94.25,3958.5,99,3
43,100.0,4991.44,99,3
29,95.24,2761.96,99,1
33,86.31,2848.23,99,1
32,79.37,2539.84,99,1
28,87.3,2444.4,99,1
41,100.0,4555.92,99,3
33,100.0,3666.96,99,1
36,84.33,3035.88,99,1
26,89.29,2321.54,99,1
34,100.0,3474.46,99,1
26,96.23,2501.98,99,1
38,100.0,3958.46,99,3
33,100.0,3535.95,99,1
33,91.27,3011.91,99,1
26,100.0,2656.94,99,1
25,100.0,2604.25,99,1
45,73.08,3288.6,99,2
36,100.0,4035.96,99,1
21,89.29,1875.09,99,1
29,100.0,4049.56,146,1
21,100.0,2469.39,146,1
42,100.0,5432.7,146,3
37,100.0,4405.22,146,3
25,100.0,3638.0,146,1
36,100.0,4444.92,146,3
22,100.0,3395.48,146,1
23,100.0,3414.58,146,1
32,100.0,5127.04,146,3
28,100.0,3745.28,146,1
27,100.0,4564.08,146,1
49,100.0,6554.24,146,3
41,100.0,6749.83,146,3
30,100.0,3924.6,146,1
40,100.0,6761.6,146,3
23,100.0,3786.49,146,1
49,100.0,6266.12,146,3
25,100.0,3491.0,146,1
37,100.0,4405.22,146,3
55,100.0,6548.3,146,3
23,100.0,3177.91,146,1
24,100.0,4142.64,146,1
43,96.49,4149.07,146,3
50,100.0,7397.0,146,3
47,100.0,6241.6,141,3
34,100.0,5331.88,141,3
31,100.0,5124.3,141,3
28,100.0,3639.44,141,1
36,100.0,5544.0,141,3
48,100.0,5493.12,141,3
39,100.0,5785.26,141,3
45,100.0,5340.6,141,3
35,100.0,5735.8,141,3
45,100.0,6357.6,141,3
46,100.0,7343.9,141,3
37,100.0,5959.22,141,3
31,100.0,4029.38,141,1
33,100.0,5035.14,141,3
31,100.0,4116.8,141,1
27,100.0,4310.55,141,1
39,100.0,6446.7,141,3
32,100.0,3616.64,141,1
28,100.0,4232.76,141,1
26,67.91,1765.66,141,1
44,84.88,3734.72,141,3
46,100.0,4808.38,141,3
32,70.83,2266.56,141,1
43,100.0,5589.14,141,3
43,67.77,2914.11,62,2
35,49.74,1740.9,62,0
45,50.36,2266.2,62,2
47,67.14,3155.58,62,2
21,64.66,1357.86,62,0
38,68.39,2598.82,62,2
21,50.36,1057.56,62,0
43,72.74,3127.82,62,2
46,54.09,2488.14,62,2
38,58.44,2220.72,62,2
26,52.22,1357.72,62,0
31,52.84,1638.04,62,0
48,54.71,2626.08,62,2
33,50.36,1661.88,62,0
38,57.2,2173.6,62,2
39,55.95,2182.05,62,2
42,67.14,2819.88,62,2
44,59.06,2598.64,62,2
29,69.63,2019.27,62,0
26,55.95,1454.7,62,0
31,53.47,1657.57,62,0
32,89.12,2851.84,62,1
28,100.0,4609.64,62,1
36,100.0,5079.96,62,3
36,52.22,1879.92,62,0
41,100.0,4774.86,105,3
27,99.52,2687.04,105,1
33,100.0,3423.75,105,1
34,100.0,3455.76,105,1
29,100.0,3622.97,105,1
34,100.0,3599.58,105,1
48,100.0,5386.56,105,3
46,100.0,4918.78,105,3
22,100.0,2538.8,105,1
20,100.0,2498.6,105,1
45,85.75,3858.75,105,3
46,100.0,5600.5,105,3
34,100.0,4103.46,105,1
50,85.75,4287.5,105,3
46,100.0,5795.54,105,3
22,84.7,1863.4,105,1
48,86.81,4166.88,105,3
47,86.81,4080.07,105,3
34,100.0,3815.48,105,1
45,100.0,5526.45,105,3
20,100.0,3374.6,105,1
50,60.49,3024.5,105,2
22,57.55,1266.1,105,0
45,100.0,4811.85,105,3
58,100.0,7307.42,105,3
51,100.0,6209.25,105,3
38,100.0,5348.5,143,3
22,100.0,2780.58,143,1
25,100.0,3447.0,143,1
24,100.0,3791.52,143,1
35,100.0,4524.1,143,3
28,100.0,3337.6,143,1
36,100.0,5532.12,143,3
39,100.0,5096.91,143,3
27,100.0,4537.08,143,1
40,100.0,6146.8,143,3
42,100.0,7238.28,143,3
48,100.0,6756.0,143,3
25,100.0,3734.0,143,1
31,100.0,4674.8,143,1
44,100.0,7140.76,143,3
23,100.0,3600.65,143,1
29,100.0,4206.74,143,1
49,100.0,5379.71,143,3
36,100.0,5679.36,143,3
34,100.0,4394.84,143,3
25,100.0,2528.25,143,1
48,100.0,7031.52,143,3
38,100.0,5340.9,143,3
37,100.0,6376.58,143,3
49,100.0,6896.75,143,3
22,86.51,1903.22,92,1
28,89.27,2499.56,92,1
36,85.59,3081.24,92,1
34,100.0,3598.22,92,1
39,100.0,3912.09,92,3
21,75.46,1584.66,92,0
36,100.0,3942.72,92,1
24,97.55,2341.2,92,1
29,85.59,2482.11,92,1
38,94.79,3602.02,92,1
34,100.0,3566.94,92,1
42,90.19,3787.98,92,2
35,100.0,3704.05,92,1
35,80.99,2834.65,92,2
38,89.27,3392.26,92,1
41,81.91,3358.31,92,2
50,100.0,7310.0,92,3
21,100.0,2203.11,92,1
43,62.72,2696.96,92,2
32,100.0,3376.64,92,1
6,90.19,541.14,92,1
66,92.95,6134.7,92,3
41,82.5,3382.5,87,2
23,97.42,2240.66,87,1
43,92.16,3962.88,87,2
24,70.22,1685.28,87,0
22,83.38,1834.36,87,1
26,73.73,1916.98,87,0
35,74.6,2611.0,87,2
47,77.24,3630.28,87,2
50,100.0,5090.5,87,3
45,87.77,3949.65,87,2
39,89.53,3491.67,87,2
23,89.53,2059.19,87,1
42,75.48,3170.16,87,2
20,89.53,1790.6,87,1
33,71.09,2345.97,87,0
34,100.0,3580.88,87,1
49,100.0,4946.06,87,3
39,90.4,3525.6,87,2
36,100.0,3602.16,87,1
50,86.01,4300.5,87,2
29,100.0,4498.19,87,1
30,100.0,3023.1,87,1
41,86.89,3562.49,87,2
28,58.58,1640.24,87,0
45,100.0,4739.4,87,3
16,75.48,1207.68,87,0
36,100.0,4228.2,121,3
41,100.0,4815.45,121,3
50,100.0,7083.0,121,3
40,100.0,4601.2,121,3
49,100.0,6467.02,121,3
45,100.0,5012.55,121,3
47,100.0,5121.59,121,3
21,100.0,2441.04,121,1
32,100.0,4262.08,121,1
47,100.0,6658.02,121,3
38,100.0,4509.08,121,3
41,100.0,4716.23,121,3
21,100.0,2390.22,121,1
41,100.0,4666.62,121,3
38,100.0,5383.08,121,3
25,99.29,2482.25,121,1
48,100.0,5288.64,121,3
22,99.29,2184.38,121,1
28,100.0,2881.76,121,1
47,100.0,6203.06,121,3
49,100.0,6763.47,121,3
45,100.0,5884.65,121,3
28,100.0,3559.64,121,1
29,57.53,1668.37,121,0
39,100.0,4890.6,121,3
46,100.0,5235.72,121,3
38,100.0,4325.16,121,3
41,47.29,1938.89,50,2
50,49.81,2490.5,50,2
43,53.83,2314.69,50,2
29,43.27,1254.83,50,0
30,42.76,1282.8,50,0
25,53.83,1345.75,50,0
49,44.78,2194.22,50,2
40,49.3,1972.0,50,2
41,44.78,1835.98,50,2
21,53.33,1119.93,50,0
46,45.28,2082.88,50,2
39,40.25,1569.75,50,0
45,59.87,2694.15,50,2
21,59.87,1257.27,50,0
44,58.36,2567.84,50,2
44,59.87,2634.28,50,2
29,51.82,1502.78,50,0
34,49.3,1676.2,50,0
39,56.85,2217.15,50,2
38,100.0,6832.02,50,3
24,79.86,1916.64,50,0
29,100.0,7110.8,50,3
30,100.0,5302.8,50,1
20,100.0,2730.0,50,1
39,100.0,7827.3,50,3
35,59.87,2095.45,50,0
26,59.87,1556.62,50,0
44,100.0,5565.12,148,3
28,100.0,3583.16,148,1
31,100.0,4705.18,148,3
29,100.0,4444.54,148,1
32,100.0,4618.88,148,3
33,100.0,4910.4,148,3
44,100.0,5565.12,148,3
32,100.0,4237.76,148,1
41,100.0,5673.58,148,3
35,100.0,5260.15,148,3
44,100.0,6350.96,148,3
26,100.0,3559.4,148,1
20,100.0,2410.6,148,1
48,100.0,5713.92,148,3
34,100.0,4300.32,148,3
49,100.0,7947.31,148,3
40,100.0,5356.8,148,3
45,100.0,7901.1,148,3
50,100.0,6101.0,148,3
38,100.0,6276.46,148,3
25,100.0,4203.5,148,1
28,58.18,1629.04,148,0
49,67.14,3289.86,148,2
49,100.0,6862.94,148,3
42,61.29,2574.18,71,2
23,57.73,1327.79,71,0
29,81.25,2356.25,71,0
25,80.54,2013.5,71,0
39,71.98,2807.22,71,2
44,69.84,3072.96,71,2
25,76.26,1906.5,71,0
45,76.26,3431.7,71,2
25,83.39,2084.75,71,0
37,57.73,2136.01,71,2
30,66.99,2009.7,71,0
36,75.55,2719.8,71,2
26,60.58,1575.08,71,0
23,73.41,1688.43,71,0
23,72.7,1672.1,71,0
25,66.99,1674.75,71,0
21,100.0,3472.98,71,1
26,63.43,1649.18,71,0
44,85.25,3751.0,71,2
24,100.0,4536.0,71,1
66,66.99,4421.34,71,2
36,57.73,2078.28,71,0
36,85.25,3069.0,73,2
22,77.9,1713.8,73,0
25,60.26,1506.5,73,0
37,72.76,2692.12,73,2
32,75.69,2422.08,73,0
47,74.22,3488.34,73,2
37,69.82,2583.34,73,2
20,62.47,1249.4,73,0
41,82.31,3374.71,73,2
21,60.26,1265.46,73,0
22,76.43,1681.46,73,0
40,80.1,3204.0,73,2
32,74.96,2398.72,73,0
36,66.14,2381.04,73,2
27,72.02,1944.54,73,0
26,87.45,2273.7,73,1
30,70.55,2116.5,73,0
23,56.84,1307.32,73,0
29,59.53,1726.37,73,0
21,60.37,1267.77,73,0
34,100.0,3441.82,73,1
26,76.43,1987.18,73,0
60,64.67,3880.2,73,2
35,55.49,1942.15,57,0
47,69.36,3259.92,57,2
20,60.69,1213.8,57,0
20,54.33,1086.6,57,0
25,65.31,1632.75,57,0
25,69.36,1734.0,57,0
27,68.78,1857.06,57,0
31,60.11,1863.41,57,0
44,66.47,2924.68,57,2
49,46.82,2294.18,57,2
26,56.07,1457.82,57,0
36,54.33,1955.88,57,0
44,52.6,2314.4,57,2
28,46.82,1310.96,57,0
45,64.74,2913.3,57,2
29,46.82,1357.78,57,0
40,53.75,2150.0,57,2
45,61.85,2783.25,57,2
44,53.18,2339.92,57,2
25,69.16,1729.0,57,0
45,100.0,5972.4,57,3
48,47.4,2275.2,57,2
44,60.76,2673.44,57,2
25,97.27,2431.75,57,1
22,91.76,2018.72,57,1
31,50.29,1558.99,57,0
21,52.6,1104.6,57,0
55,46.82,2575.1,57,2
25,100.0,2845.75,112,1
35,98.05,3431.75,112,1
35,93.54,3273.9,112,1
43,95.8,4119.4,112,3
44,100.0,5355.68,112,3
50,100.0,5747.5,112,3
48,100.0,5355.36,112,3
25,100.0,2535.75,112,1
39,100.0,4351.23,112,3
25,90.16,2254.0,112,1
32,91.29,2921.28,112,1
20,100.0,2299.0,112,1
26,100.0,2637.18,112,1
42,100.0,4307.52,112,3
21,100.0,2153.76,112,1
34,100.0,3716.88,112,1
47,100.0,5455.76,112,3
21,100.0,2650.62,112,1
48,100.0,6437.28,112,3
30,87.78,2633.4,112,1
27,84.39,2278.53,112,1
50,96.92,4846.0,112,3
38,100.0,4197.1,112,3
45,100.0,4597.65,112,3
46,100.0,5287.7,112,3
35,100.0,3550.05,112,1
29,59.37,1721.73,50,0
50,59.87,2993.5,50,2
26,49.81,1295.06,50,0
47,56.85,2671.95,50,2
23,53.33,1226.59,50,0
34,42.76,1453.84,50,0
34,53.83,1830.22,50,0
47,53.83,2530.01,50,2
45,49.81,2241.45,50,2
45,53.33,2399.85,50,2
36,43.27,1557.72,50,0
21,40.25,845.25,50,0
28,48.3,1352.4,50,0
35,45.28,1584.8,50,0
50,52.32,2616.0,50,2
22,51.32,1129.04,50,0
45,49.3,2218.5,50,2
48,42.26,2028.48,50,2
20,87.96,1759.2,50,0
27,36.21,977.67,50,0
38,38.5,1463.0,50,0
32,100.0,3970.56,50,1
64,40.25,2576.0,50,2
37,60.37,2233.69,50,2
28,88.63,2481.64,109,1
39,100.0,4651.53,109,3
41,94.1,3858.1,109,3
40,87.54,3501.6,109,1
49,100.0,6433.7,109,3
27,98.48,2658.96,109,1
34,100.0,3608.76,109,1
23,96.29,2214.67,109,1
31,88.63,2747.53,109,1
34,97.38,3310.92,109,1
25,95.2,2380.0,109,1
22,100.0,2310.88,109,1
32,100.0,4061.76,109,1
31,100.0,3493.7,109,1
25,100.0,2872.25,109,1
47,87.54,4114.38,109,3
21,50.65,1063.65,109,0
28,71.73,2008.44,109,0
46,94.1,4328.6,109,3
33,41.71,1376.43,109,0
43,100.0,5552.16,109,3
38,96.29,3659.02,109,1
47,88.63,4165.61,109,3
45,31.2,1404.0,33,2
20,35.51,710.2,33,0
45,37.84,1702.8,33,2
36,33.19,1194.84,33,0
37,27.22,1007.14,33,0
31,31.53,977.43,33,0
39,36.84,1436.76,33,0
26,29.21,759.46,33,0
32,37.17,1189.44,33,0
20,34.19,683.8,33,0
42,29.21,1226.82,33,0
33,29.54,974.82,33,0
20,28.88,577.6,33,0
29,38.17,1106.93,33,0
23,30.2,694.6,33,0
39,29.54,1152.06,33,0
20,100.0,2624.0,33,1
45,81.91,3685.95,33,2
20,35.18,703.6,33,0
23,36.29,834.67,33,0
32,70.56,2257.92,33,0
61,29.54,1801.94,33,2
45,26.88,1209.6,33,0
38,83.03,3155.14,76,2
34,83.79,2848.86,76,2
43,83.03,3570.29,76,2
47,83.03,3902.41,76,2
22,67.03,1474.66,76,0
29,75.41,2186.89,76,0
28,68.55,1919.4,76,0
40,91.4,3656.0,76,2
25,73.88,1847.0,76,0
30,61.7,1851.0,76,0
38,69.31,2633.78,76,2
36,87.6,3153.6,76,2
32,87.6,2803.2,76,1
37,62.46,2311.02,76,2
30,79.98,2399.4,76,0
39,70.08,2733.12,76,2
32,65.51,2096.32,76,0
47,63.22,2971.34,76,2
26,86.83,2257.58,76,1
37,94.43,3493.91,76,1
55,79.98,4398.9,76,2
21,100.0,3595.62,76,1
23,100.0,2443.29,76,1
49,81.4,3988.6,76,2
59,87.6,5168.4,76,3
32,87.6,2803.2,76,1
43,100.0,6341.21,122,3
41,100.0,5189.78,122,3
45,100.0,6027.75,122,3
33,100.0,3366.0,122,1
40,100.0,5456.4,122,3
33,100.0,3812.16,122,1
50,100.0,6083.0,122,3
30,100.0,3170.7,122,1
41,100.0,4534.6,122,3
35,100.0,4301.15,122,3
49,100.0,6804.63,122,3
46,100.0,5652.94,122,3
48,100.0,6960.48,122,3
36,100.0,4512.6,122,3
22,100.0,2784.76,122,1
42,100.0,5316.36,122,3
21,100.0,2941.89,122,1
29,100.0,3207.4,122,1
35,100.0,4215.05,122,1
41,100.0,4333.29,122,3
29,71.97,2087.13,122,1
34,50.33,1711.22,122,0
37,100.0,3910.53,122,3
28,80.54,2255.12,122,1
49,100.0,5720.75,122,3
23,100.0,3335.23,122,1
46,53.76,2472.96,44,2
39,44.35,1729.65,44,0
22,45.25,995.5,44,0
49,49.28,2414.72,44,2
43,36.29,1560.47,44,2
27,41.22,1112.94,44,0
31,36.74,1138.94,44,0
20,50.62,1012.4,44,0
24,38.08,913.92,44,0
49,47.94,2349.06,44,2
24,48.38,1161.12,44,0
39,45.25,1764.75,44,0
37,45.7,1690.9,44,0
45,47.49,2137.05,44,2
45,48.38,2177.1,44,2
44,39.42,1734.48,44,2
23,37.63,865.49,44,0
30,100.0,3500.1,44,1
26,85.52,2223.52,44,0
43,53.76,2311.68,44,2
26,31.86,828.36,44,0
28,30.59,856.52,44,0
27,68.35,1845.45,44,0
24,100.0,4042.08,44,1
40,45.7,1828.0,44,0
36,100.0,3680.28,127,1
21,100.0,2925.09,127,1
27,100.0,3415.77,127,1
47,100.0,5105.14,127,3
42,100.0,5098.8,127,3
32,100.0,4661.76,127,1
28,100.0,2969.96,127,1
24,100.0,3496.32,127,1
49,100.0,5760.93,127,3
46,100.0,6819.04,127,3
28,100.0,3148.88,127,1
48,100.0,5704.32,127,3
29,100.0,3520.6,127,1
47,100.0,5285.62,127,3
43,100.0,5605.05,127,3
25,100.0,2779.5,127,1
48,100.0,5398.08,127,3
24,100.0,3189.6,127,1
42,100.0,5581.8,127,3
31,100.0,3820.44,127,1
42,100.0,5528.04,127,3
37,100.0,5981.42,127,3
41,100.0,5684.65,127,3
20,100.0,3449.4,127,1
20,100.0,2654.4,127,1
49,100.0,5510.54,127,3
35,58.87,2060.45,69,0
32,76.88,2460.16,69,0
29,61.64,1787.56,69,0
27,60.95,1645.65,69,0
27,80.34,2169.18,69,0
38,74.11,2816.18,69,2
35,72.03,2521.05,69,2
42,76.19,3199.98,69,2
21,63.72,1338.12,69,0
37,80.34,2972.58,69,2
26,79.65,2070.9,69,0
47,65.8,3092.6,69,2
37,65.1,2408.7,69,2
46,75.49,3472.54,69,2
38,59.56,2263.28,69,2
33,66.49,2194.17,69,0
24,56.1,1346.4,69,0
31,81.73,2533.63,69,0
42,81.03,3403.26,69,2
32,100.0,3307.2,69,1
41,70.65,2896.65,69,2
43,61.23,2632.89,69,2
20,100.0,2046.0,69,1
35,65.13,2279.55,69,0
27,79.65,2150.55,69,0
43,78.15,3360.45,90,2
32,72.7,2326.4,90,0
21,73.6,1545.6,90,0
20,100.0,2144.6,90,1
22,74.51,1639.22,90,0
36,73.6,2649.6,90,2
46,83.6,3845.6,90,2
47,96.32,4527.04,90,3
45,88.14,3966.3,90,2
47,88.14,4142.58,90,2
47,94.5,4441.5,90,3
38,87.24,3315.12,90,2
49,79.97,3918.53,90,2
35,80.87,2830.45,90,2
49,100.0,5298.86,90,3
28,93.6,2620.8,90,1
30,72.7,2181.0,90,0
39,86.72,3382.08,90,2
25,100.0,2876.75,90,1
40,100.0,4107.2,90,3
36,37.5,1350.0,90,0
39,100.0,3933.93,90,3
44,39.6,1742.4,35,2
24,30.06,721.44,35,0
39,38.19,1489.41,35,0
21,42.43,891.03,35,0
30,40.31,1209.3,35,0
27,31.82,859.14,35,0
37,31.12,1151.44,35,0
42,31.82,1336.44,35,0
32,28.29,905.28,35,0
42,29.7,1247.4,35,0
21,40.31,846.51,35,0
33,32.88,1085.04,35,0
49,36.07,1767.43,35,2
31,33.24,1030.44,35,0
38,41.72,1585.36,35,0
20,40.66,813.2,35,0
39,30.06,1172.34,35,0
48,31.47,1510.56,35,2
39,37.13,1448.07,35,0
30,100.0,3338.1,35,1
33,37.13,1225.29,35,0
36,37.13,1336.68,35,0
36,82.94,2985.84,35,2
45,100.0,5545.8,35,3
40,100.0,6089.6,35,3
46,38.9,1789.4,35,2
30,36.07,1082.1,35,0
31,33.24,1030.44,35,0
49,74.68,3659.32,68,2
41,59.6,2443.6,68,2
35,67.14,2349.9,68,0
27,60.97,1646.19,68,0
23,72.62,1670.26,68,0
21,69.88,1467.48,68,0
34,80.84,2748.56,68,2
22,69.2,1522.4,68,0
48,67.82,3255.36,68,2
43,82.21,3535.03,68,2
32,81.53,2608.96,68,0
20,67.82,1356.4,68,0
24,67.14,1611.36,68,0
40,65.08,2603.2,68,2
30,73.99,2219.7,68,0
21,71.25,1496.25,68,0
25,75.36,1884.0,68,0
34,63.71,2166.14,68,0
48,58.92,2828.16,68,2
55,100.0,6214.45,68,3
25,74.68,1867.0,68,0
38,70.44,2676.72,68,2
39,55.96,2182.44,68,2
28,57.55,1611.4,68,0
24,61.66,1479.84,68,0
21,67.82,1424.22,68,0
46,100.0,5942.28,117,3
25,93.95,2348.75,117,1
34,100.0,4392.12,117,1
25,100.0,2759.75,117,1
23,100.0,2728.03,117,1
20,100.0,2395.8,117,1
23,100.0,3052.33,117,1
42,100.0,4242.0,117,3
27,100.0,2790.45,117,1
33,100.0,4340.49,117,1
28,98.65,2762.2,117,1
43,100.0,4645.72,117,3
48,100.0,5580.96,117,3
48,100.0,6539.04,117,3
45,100.0,5548.95,117,3
43,100.0,4595.41,117,3
44,42.26,1859.44,117,2
24,87.24,2093.76,117,1
31,100.0,4223.13,117,1
44,36.29,1596.76,117,2
59,98.65,5820.35,117,3
55,96.3,5296.5,117,3
29,32.1,930.9,37,0
39,30.96,1207.44,37,0
20,35.87,717.4,37,0
25,42.67,1066.75,37,0
42,37.0,1554.0,37,0
36,35.49,1277.64,37,0
37,42.67,1578.79,37,0
30,30.59,917.7,37,0
21,37.0,777.0,37,0
34,43.42,1476.28,37,0
42,36.63,1538.46,37,0
20,44.56,891.2,37,0
40,42.67,1706.8,37,0
34,40.4,1373.6,37,0
31,38.89,1205.59,37,0
36,39.65,1427.4,37,0
48,34.36,1649.28,37,2
33,41.91,1383.03,37,0
37,33.23,1229.51,37,0
27,42.24,1140.48,37,0
39,40.4,1575.6,37,0
36,38.52,1386.72,37,0
36,100.0,5018.4,37,2
41,100.0,5856.85,37,3
37,100.0,4894.73,37,2
47,44.56,2094.32,37,2
15,42.67,640.05,37,0
44,72.58,3193.52,88,2
35,87.62,3066.7,88,1
41,94.71,3883.11,88,3
49,98.25,4814.25,88,3
31,91.17,2826.27,88,1
20,79.66,1593.2,88,0
45,72.58,3266.1,88,2
33,74.35,2453.55,88,0
47,83.2,3910.4,88,2
20,89.4,1788.0,88,1
47,70.81,3328.07,88,2
40,94.71,3788.4,88,3
30,100.0,3053.7,88,1
22,91.17,2005.74,88,1
27,100.0,2796.12,88,1
34,92.94,3159.96,88,1
46,84.97,3908.62,88,2
31,84.08,2606.48,88,1
24,86.74,2081.76,88,1
41,85.85,3519.85,88,2
30,100.0,3021.0,88,1
33,57.32,1891.56,88,0
43,97.87,4208.41,88,3
27,83.2,2246.4,88,1
60,100.0,6107.4,88,3
27,73.62,1987.74,85,0
49,83.04,4068.96,85,2
31,73.62,2282.22,85,0
20,77.05,1541.0,85,0
24,81.33,1951.92,85,1
33,94.17,3107.61,85,1
32,72.77,2328.64,85,0
40,79.62,3184.8,85,2
27,79.62,2149.74,85,0
40,79.62,3184.8,85,2
26,81.33,2114.58,85,1
44,96.74,4256.56,85,3
33,71.06,2344.98,85,0
34,68.49,2328.66,85,0
48,74.48,3575.04,85,2
25,83.04,2076.0,85,1
39,84.75,3305.25,85,2
45,34.19,1538.55,85,2
24,100.0,3325.92,85,1
46,79.62,3662.52,85,2
44,79.06,3478.64,85,2
13,81.33,1057.29,85,0
35,96.74,3385.9,85,1
30,63.07,1892.1,61,0
34,50.21,1707.14,61,0
27,66.13,1785.51,61,0
30,68.58,2057.4,61,0
50,69.8,3490.0,61,2
34,50.21,1707.14,61,0
23,65.52,1506.96,61,0
48,60.01,2880.48,61,2
34,64.9,2206.6,61,0
48,48.98,2351.04,61,2
24,50.21,1205.04,61,0
47,62.45,2935.15,61,2
24,52.66,1263.84,61,0
47,62.45,2935.15,61,2
20,61.23,1224.6,61,0
20,67.97,1359.4,61,0
31,58.78,1822.18,61,0
38,56.94,2163.72,61,2
26,61.23,1591.98,61,0
25,100.0,3078.5,61,1
48,62.45,2997.6,61,2
44,62.45,2747.8,61,2
21,100.0,2447.76,61,1
46,41.54,1910.84,61,2
46,52.84,2430.64,61,2
55,52.66,2896.3,61,2
31,52.6,1630.6,65,0
20,72.98,1459.6,65,0
29,59.18,1716.22,65,0
33,77.59,2560.47,65,0
34,55.89,1900.26,65,0
32,63.12,2019.84,65,0
27,73.64,1988.28,65,0
21,69.04,1449.84,65,0
27,71.67,1935.09,65,0
36,77.59,2793.24,65,2
43,70.35,3025.05,65,2
25,69.7,1742.5,65,0
46,70.35,3236.1,65,2
24,72.33,1735.92,65,0
39,71.67,2795.13,65,2
31,53.92,1671.52,65,0
22,71.67,1576.74,65,0
47,76.93,3615.71,65,2
20,72.98,1459.6,65,0
29,99.69,2891.01,65,1
38,68.38,2598.44,65,2
34,100.0,3871.92,65,1
46,66.0,3036.0,65,2
35,63.76,2231.6,65,0
34,71.67,2436.78,65,0
38,57.2,2173.6,65,2
18,69.7,1254.6,65,0
37,100.0,3724.42,107,1
43,100.0,5203.0,107,3
27,100.0,3469.5,107,1
30,100.0,3148.2,107,1
22,98.51,2167.22,107,1
49,100.0,6244.07,107,3
46,100.0,5566.0,107,3
48,91.02,4368.96,107,3
46,87.81,4039.26,107,3
48,92.09,4420.32,107,3
27,86.73,2341.71,107,1
43,100.0,5110.98,107,3
48,100.0,6168.0,107,3
41,100.0,4873.26,107,3
22,96.37,2120.14,107,1
46,92.09,4236.14,107,3
21,89.95,1888.95,107,1
31,37.18,1152.58,107,0
26,95.88,2492.88,107,1
20,99.58,1991.6,107,1
34,100.0,3953.18,107,1
43,86.73,3729.39,107,3
26,100.0,2617.16,107,1
50,79.67,3983.5,83,2
35,90.57,3169.95,83,1
50,77.99,3899.5,83,2
23,80.51,1851.73,83,0
37,67.93,2513.41,83,2
29,83.86,2431.94,83,1
21,72.12,1514.52,83,0
36,85.54,3079.44,83,2
22,86.38,1900.36,83,1
22,89.73,1974.06,83,1
46,80.51,3703.46,83,2
23,76.31,1755.13,83,0
49,87.21,4273.29,83,2
48,83.02,3984.96,83,2
33,72.96,2407.68,83,0
22,77.15,1697.3,83,0
22,91.41,2011.02,83,1
25,92.25,2306.25,83,1
20,92.25,1845.0,83,1
42,59.36,2493.12,83,2
25,60.34,1508.5,83,0
23,100.0,2394.3,83,1
37,85.54,3164.98,83,2
37,90.57,3351.09,83,1
42,72.96,3064.32,83,2
51,76.31,3891.81,83,2
40,100.0,5448.8,140,3
43,100.0,5494.97,140,3
47,100.0,6336.07,140,3
23,100.0,2906.97,140,1
35,100.0,4767.7,140,3
34,100.0,3819.56,140,1
25,100.0,3861.75,140,1
45,100.0,6319.35,140,3
47,100.0,6996.42,140,3
49,100.0,6949.67,140,3
40,100.0,4550.0,140,3
29,100.0,4479.63,140,1
39,100.0,5148.0,140,3
24,100.0,2932.08,140,1
25,100.0,3159.75,140,1
36,100.0,4297.32,140,3
50,100.0,7723.5,140,3
45,100.0,5497.65,140,3
26,100.0,4052.88,140,1
21,100.0,3135.93,140,1
42,100.0,5013.54,140,3
32,100.0,5302.72,140,3
31,94.58,2931.98,140,1
33,53.27,1757.91,140,0
45,100.0,6763.05,140,3
50,64.83,3241.5,68,2
28,70.29,1968.12,68,0
50,81.89,4094.5,68,2
28,66.19,1853.32,68,0
44,77.11,3392.84,68,2
27,73.02,1971.54,68,0
30,72.33,2169.9,68,0
43,66.19,2846.17,68,2
29,69.6,2018.4,68,0
48,56.64,2718.72,68,2
33,60.05,1981.65,68,0
40,75.06,3002.4,68,2
48,61.42,2948.16,68,2
41,81.89,3357.49,68,2
21,55.96,1175.16,68,0
32,71.65,2292.8,68,0
43,76.43,3286.49,68,2
30,77.79,2333.7,68,0
35,76.43,2675.05,68,2
45,96.92,4361.4,68,2
34,59.37,2018.58,68,0
26,100.0,3710.98,68,1
39,73.0,2847.0,68,2
41,73.32,3006.12,68,2
41,68.24,2797.84,68,2
64,60.05,3843.2,68,2
18,75.06,1351.08,68,0
49,34.47,1689.03,41,2
48,34.47,1654.56,41,2
46,33.23,1528.58,41,2
26,38.98,1013.48,41,0
37,38.98,1442.26,41,0
35,33.23,1163.05,41,0
23,42.26,971.98,41,0
22,41.03,902.66,41,0
39,33.23,1295.97,41,0
44,34.88,1534.72,41,2
27,43.9,1185.3,41,0
46,36.93,1698.78,41,2
33,41.85,1381.05,41,0
33,40.62,1340.46,41,0
24,40.21,965.04,41,0
31,35.29,1093.99,41,0
41,77.24,3166.84,41,2
22,97.44,2143.68,41,1
46,37.34,1717.64,41,2
43,95.03,4086.29,41,2
15,36.93,553.95,41,0
15,43.49,652.35,41,0
26,100.0,2921.62,118,1
44,100.0,5568.64,118,3
20,96.99,1939.8,118,1
40,94.62,3784.8,118,3
23,100.0,2802.09,118,1
24,99.36,2384.64,118,1
29,100.0,2915.66,118,1
49,100.0,5795.72,118,3
34,100.0,3699.88,118,1
28,100.0,2980.6,118,1
37,100.0,5032.74,118,3
45,100.0,4737.15,118,3
46,100.0,6311.2,118,3
22,100.0,3070.54,118,1
39,100.0,4797.39,118,3
27,100.0,3832.38,118,1
36,100.0,4641.48,118,3
38,100.0,4000.26,118,3
44,100.0,5325.76,118,3
31,100.0,4618.69,118,1
23,100.0,3182.97,118,1
22,100.0,2603.04,118,1
28,50.32,1408.96,118,0
21,93.91,1972.11,118,1
37,100.0,5207.75,118,3
31,100.0,4253.2,118,1
25,100.0,2873.0,97,1
26,86.68,2253.68,97,1
34,100.0,3576.12,97,1
29,100.0,3276.13,97,1
20,90.57,1811.4,97,1
42,91.55,3845.1,97,3
22,100.0,2571.14,97,1
47,100.0,5035.11,97,3
20,100.0,2279.0,97,1
33,97.39,3213.87,97,1
39,90.57,3532.23,97,1
33,100.0,3406.59,97,1
40,86.68,3467.2,97,2
46,78.89,3628.94,97,2
48,97.39,4674.72,97,3
21,78.89,1656.69,97,1
45,100.0,5171.4,97,3
33,100.0,3342.57,97,1
44,100.0,4884.88,97,3
33,100.0,6267.69,97,3
39,100.0,4424.16,97,3
39,50.31,1962.09,97,2
41,100.0,6847.0,97,3
40,86.92,3476.8,97,2
33,100.0,4592.61,97,1
28,78.89,2208.92,97,1
26,63.76,1657.76,72,0
29,85.49,2479.21,72,1
46,77.52,3565.92,72,2
33,84.77,2797.41,72,2
48,78.25,3756.0,72,2
40,71.0,2840.0,72,2
23,74.62,1716.26,72,0
40,81.14,3245.6,72,2
37,74.62,2760.94,72,2
24,75.35,1808.4,72,0
27,62.31,1682.37,72,0
21,71.0,1491.0,72,0
23,72.45,1666.35,72,0
44,83.32,3666.08,72,2
35,83.32,2916.2,72,2
43,60.86,2616.98,72,2
40,84.77,3390.8,72,2
35,89.9,3146.5,72,2
25,62.46,1561.5,72,0
50,63.34,3167.0,72,2
45,78.25,3521.25,72,2
52,81.14,4219.28,72,2
48,74.62,3581.76,72,2
31,68.71,2130.01,80,0
29,71.14,2063.06,80,0
23,87.31,2008.13,80,1
31,64.67,2004.77,80,0
23,67.1,1543.3,80,0
24,94.58,2269.92,80,1
28,71.14,1991.92,80,0
44,66.29,2916.76,80,2
22,92.16,2027.52,80,1
46,70.33,3235.18,80,2
22,93.77,2062.94,80,1
38,87.31,3317.78,80,2
47,83.27,3913.69,80,2
48,75.18,3608.64,80,2
40,88.12,3524.8,80,2
32,80.84,2586.88,80,1
49,97.01,4753.49,80,3
43,85.69,3684.67,80,2
41,100.0,5715.4,80,3
30,100.0,3098.7,80,1
28,95.39,2670.92,80,1
43,100.0,5154.41,80,3
41,100.0,4894.17,80,3
30,82.42,2472.6,80,1
31,100.0,3224.31,96,1
32,100.0,3667.52,96,1
43,96.31,4141.33,96,3
26,100.0,2829.58,96,1
27,100.0,3068.55,96,1
24,100.0,2634.96,96,1
22,100.0,2436.72,96,1
46,100.0,4607.36,96,3
37,97.27,3598.99,96,1
49,80.9,3964.1,96,2
21,100.0,2244.9,96,1
25,100.0,2793.0,96,1
37,100.0,4133.64,96,3
45,86.68,3900.6,96,2
32,85.72,2743.04,96,1
29,82.83,2402.07,96,1
26,83.79,2178.54,96,1
28,100.0,3155.04,96,1
27,87.64,2366.28,96,1
20,98.18,1963.6,96,1
44,100.0,4746.28,96,3
42,100.0,6386.94,96,3
41,100.0,4428.0,96,3
26,100.0,4044.04,96,1
26,100.0,2708.42,96,1
26,100.0,2904.72,96,1
41,86.68,3553.88,96,2
20,92.9,1858.0,99,1
22,100.0,2461.36,99,1
23,100.0,2642.01,99,1
33,93.9,3098.7,99,1
28,100.0,3244.36,99,1
44,98.89,4351.16,99,3
46,79.91,3675.86,99,2
21,100.0,2475.27,99,1
41,100.0,4177.49,99,3
31,100.0,3282.28,99,1
31,79.91,2477.21,99,1
23,81.91,1883.93,99,1
37,98.89,3658.93,99,1
26,100.0,2856.88,99,1
24,79.91,1917.84,99,1
47,100.0,5305.36,99,3
45,63.91,2875.95,99,2
55,100.0,6482.85,99,3
46,81.17,3733.82,99,2
50,100.0,6576.5,99,3
37,100.0,6353.27,99,3
44,94.9,4175.6,99,3
49,100.0,4992.61,99,3
45,100.0,4764.6,99,3
27,43.45,1173.15,40,0
31,44.66,1384.46,40,0
33,40.23,1327.59,40,0
31,35.8,1109.8,40,0
35,35.4,1239.0,40,0
26,39.83,1035.58,40,0
34,45.46,1545.64,40,0
46,32.99,1517.54,40,2
41,42.24,1731.84,40,0
43,39.43,1695.49,40,2
26,40.23,1045.98,40,0
36,48.28,1738.08,40,0
20,32.59,651.8,40,0
27,36.61,988.47,40,0
37,41.03,1518.11,40,0
24,42.24,1013.76,40,0
36,43.05,1549.8,40,0
29,38.22,1108.38,40,0
28,100.0,4102.56,40,1
29,100.0,3713.16,40,1
38,39.83,1513.54,40,0
48,48.28,2317.44,40,2
40,82.46,3298.4,40,2
41,44.56,1826.96,40,2
30,40.23,1206.9,40,0
35,47.62,1666.7,54,0
28,55.73,1560.44,54,0
45,51.95,2337.75,54,2
24,45.99,1103.76,54,0
41,63.85,2617.85,54,2
48,45.99,2207.52,54,2
50,63.31,3165.5,54,2
33,62.77,2071.41,54,0
32,43.29,1385.28,54,0
27,60.06,1621.62,54,0
35,55.19,1931.65,54,0
23,54.11,1244.53,54,0
35,48.7,1704.5,54,0
40,43.83,1753.2,54,0
35,47.62,1666.7,54,0
31,55.19,1710.89,54,0
50,46.53,2326.5,54,2
40,57.9,2316.0,54,2
38,45.45,1727.1,54,0
40,60.6,2424.0,54,2
33,46.53,1535.49,54,0
36,100.0,6358.68,54,3
20,66.47,1329.4,54,0
32,53.18,1701.76,54,0
36,62.77,2259.72,54,0
19,48.7,925.3,54,0
11,43.83,482.13,54,0
49,65.87,3227.63,62,2
27,63.38,1711.26,62,0
29,70.84,2054.36,62,0
42,74.57,3131.94,62,2
33,50.95,1681.35,62,0
44,53.44,2351.36,62,2
22,64.0,1408.0,62,0
48,50.95,2445.6,62,2
33,54.68,1804.44,62,0
45,56.55,2544.75,62,2
20,52.82,1056.4,62,0
46,60.9,2801.4,62,2
40,49.71,1988.4,62,2
45,64.63,2908.35,62,2
36,59.65,2147.4,62,0
31,67.73,2099.63,62,0
46,50.33,2315.18,62,2
35,66.49,2327.15,62,0
28,100.0,5377.4,62,1
31,84.71,2626.01,62,0
27,100.0,4406.4,62,1
22,100.0,4301.22,62,1
30,99.55,2986.5,62,1
44,36.07,1587.08,62,2
30,60.28,1808.4,62,0
24,49.71,1193.04,62,0
45,75.63,3403.35,64,2
23,68.52,1575.96,64,0
26,62.7,1630.2,64,0
28,60.76,1701.28,64,0
49,58.18,2850.82,64,2
49,54.94,2692.06,64,2
29,74.98,2174.42,64,0
49,64.64,3167.36,64,2
39,54.94,2142.66,64,2
36,58.82,2117.52,64,0
39,62.05,2419.95,64,2
30,73.04,2191.2,64,0
44,69.16,3043.04,64,2
20,61.41,1228.2,64,0
21,63.35,1330.35,64,0
36,77.57,2792.52,64,2
32,71.75,2296.0,64,0
36,73.04,2629.44,64,2
34,56.24,1912.16,64,0
33,73.69,2431.77,64,0
31,100.0,3139.99,64,1
36,100.0,5669.64,64,3
25,100.0,3160.25,64,1
48,100.0,6799.68,64,3
27,69.16,1867.32,64,0
44,61.41,2702.04,64,2
33,72.92,2406.36,68,0
29,72.23,2094.67,68,0
49,57.1,2797.9,68,2
20,81.86,1637.2,68,0
31,73.61,2281.91,68,0
39,59.16,2307.24,68,2
20,66.04,1320.8,68,0
34,77.73,2642.82,68,2
50,61.22,3061.0,68,2
40,79.11,3164.4,68,2
28,63.97,1791.16,68,0
50,81.86,4093.0,68,2
28,79.8,2234.4,68,0
46,66.04,3037.84,68,2
24,59.16,1419.84,68,0
24,81.17,1948.08,68,0
39,59.16,2307.24,68,2
40,44.51,1780.4,68,0
49,72.33,3544.17,68,2
44,82.26,3619.44,68,2
35,100.0,3918.95,68,1
22,67.41,1483.02,68,0
62,77.73,4819.26,68,2
26,61.22,1591.72,68,0
31,100.0,3669.78,102,1
25,86.74,2168.5,102,1
30,89.8,2694.0,102,1
27,100.0,3251.34,102,1
23,100.0,2347.15,102,1
34,100.0,3920.88,102,1
22,100.0,2514.6,102,1
42,85.72,3600.24,102,2
37,100.0,4040.03,102,1
30,100.0,3336.9,102,1
27,100.0,3113.64,102,1
25,100.0,2832.0,102,1
34,97.97,3330.98,102,1
38,100.0,4304.64,102,3
26,100.0,2600.26,102,1
38,100.0,4382.16,102,3
50,84.7,4235.0,102,3
22,100.0,2626.8,102,1
32,100.0,5026.56,102,3
31,71.02,2201.62,102,0
40,100.0,4326.8,102,3
22,100.0,3425.18,102,1
41,100.0,4701.88,102,3
45,48.98,2204.1,102,2
45,100.0,5189.4,102,3
39,40.15,1565.85,43,0
49,50.62,2480.38,43,2
27,50.19,1355.13,43,0
34,36.66,1246.44,43,0
20,41.02,820.4,43,0
48,51.93,2492.64,43,2
29,38.4,1113.6,43,0
43,41.02,1763.86,43,2
41,46.26,1896.66,43,2
41,35.35,1449.35,43,0
36,51.93,1869.48,43,0
49,37.97,1860.53,43,2
38,45.39,1724.82,43,0
33,51.93,1713.69,43,0
26,48.44,1259.44,43,0
47,43.64,2051.08,43,2
34,47.57,1617.38,43,0
34,51.93,1765.62,43,0
40,50.62,2024.8,43,2
40,82.21,3288.4,43,2
33,82.59,2725.47,43,2
49,65.8,3224.2,43,2
27,100.0,3211.38,43,1
49,36.66,1796.34,43,2
56,35.35,1979.6,43,2
37,51.93,1921.41,43,0
33,100.0,3705.24,115,1
27,100.0,2843.91,115,1
46,100.0,6176.42,115,3
44,100.0,5500.44,115,3
26,100.0,3220.1,115,1
48,94.92,4556.16,115,3
23,100.0,3114.89,115,1
45,100.0,4948.2,115,3
49,100.0,5161.17,115,3
28,94.92,2657.76,115,1
37,100.0,3983.05,115,3
34,100.0,3974.94,115,1
22,100.0,2928.42,115,1
29,100.0,3054.57,115,1
34,98.39,3345.26,115,1
38,100.0,4310.72,115,3
41,100.0,4983.14,115,3
42,100.0,4618.32,115,3
28,100.0,3403.12,115,1
38,100.0,5190.42,115,3
23,100.0,3141.57,115,1
31,71.4,2213.4,115,1
46,100.0,4896.7,115,3
48,56.55,2714.4,115,2
29,100.0,3087.05,115,1
46,100.0,5692.96,115,3
26,100.0,3460.86,115,1
18,100.0,1895.94,115,1
32,53.31,1705.92,58,0
21,49.21,1033.41,58,0
46,69.12,3179.52,58,2
42,49.79,2091.18,58,2
31,57.41,1779.71,58,0
38,66.78,2537.64,58,2
38,64.44,2448.72,58,2
20,48.62,972.4,58,0
46,62.09,2856.14,58,2
30,65.61,1968.3,58,0
30,68.54,2056.2,58,0
43,52.14,2242.02,58,2
49,63.85,3128.65,58,2
43,56.82,2443.26,58,2
37,66.78,2470.86,58,2
35,55.07,1927.45,58,0
34,60.34,2051.56,58,0
38,61.51,2337.38,58,2
44,100.0,5932.96,58,3
21,100.0,2296.77,58,1
44,100.0,6490.88,58,3
25,64.93,1623.25,58,0
24,58.58,1405.92,58,0
38,60.06,2282.28,58,2
51,63.85,3256.35,58,2
34,82.99,2821.66,81,2
44,74.85,3293.4,81,2
44,96.0,4224.0,81,3
38,81.36,3091.68,81,2
31,71.6,2219.6,81,0
48,80.55,3866.4,81,2
21,93.56,1964.76,81,1
40,66.72,2668.8,81,2
40,80.55,3222.0,81,2
50,77.29,3864.5,81,2
20,68.34,1366.8,81,0
48,72.41,3475.68,81,2
47,89.5,4206.5,81,2
21,70.78,1486.38,81,0
39,78.92,3077.88,81,2
44,80.55,3544.2,81,2
28,88.68,2483.04,81,1
45,77.29,3478.05,81,2
20,100.0,3657.8,81,1
38,100.0,4682.36,81,3
26,100.0,3937.7,81,1
44,100.0,4984.32,81,3
49,100.0,5406.66,81,3
22,100.0,3491.18,81,1
31,68.34,2118.54,81,0
41,70.67,2897.47,66,2
25,76.67,1916.75,66,0
31,60.0,1860.0,66,0
41,64.0,2624.0,66,2
43,64.67,2780.81,66,2
43,75.34,3239.62,66,2
24,76.0,1824.0,66,0
21,54.0,1134.0,66,0
23,64.67,1487.41,66,0
38,74.67,2837.46,66,2
31,62.67,1942.77,66,0
36,70.67,2544.12,66,2
36,71.34,2568.24,66,2
34,62.0,2108.0,66,0
21,65.34,1372.14,66,0
45,78.67,3540.15,66,2
26,75.34,1958.84,66,0
50,54.0,2700.0,66,2
41,62.0,2542.0,66,2
39,60.0,2340.0,66,2
22,100.0,2816.44,66,1
46,76.67,3526.82,66,2
44,100.0,4627.92,66,3
25,77.34,1933.5,66,0
39,66.67,2600.13,66,2
37,71.34,2639.58,66,2
31,100.0,3312.97,91,1
47,82.21,3863.87,91,2
24,77.64,1863.36,91,0
36,100.0,3945.96,91,1
48,100.0,4954.08,91,3
28,98.65,2762.2,91,1
48,83.12,3989.76,91,2
21,78.55,1649.55,91,0
25,100.0,2534.75,91,1
25,100.0,2580.25,91,1
31,91.34,2831.54,91,1
40,84.03,3361.2,91,2
32,89.51,2864.32,91,1
24,83.12,1994.88,91,1
42,100.0,4296.6,91,3
21,100.0,2224.95,91,1
34,82.21,2795.14,91,1
27,100.0,2762.1,91,1
30,88.6,2658.0,91,1
39,100.0,5043.87,91,3
20,60.54,1210.8,91,0
37,81.87,3029.19,91,2
47,87.69,4121.43,91,2
11,100.0,1135.31,91,1
23,91.34,2100.82,91,1
29,70.15,2034.35,86,0
38,79.68,3027.84,86,2
32,97.0,3104.0,86,1
43,84.01,3612.43,86,2
31,87.48,2711.88,86,1
29,100.0,3013.97,86,1
31,88.34,2738.54,86,1
30,94.4,2832.0,86,1
50,94.4,4720.0,86,3
40,80.55,3222.0,86,2
23,97.0,2231.0,86,1
26,88.34,2296.84,86,1
40,100.0,4157.2,86,3
21,100.0,2146.2,86,1
43,86.61,3724.23,86,2
29,71.89,2084.81,86,0
38,91.81,3488.78,86,1
23,76.22,1753.06,86,0
20,100.0,3469.2,86,1
36,70.3,2530.8,86,2
28,100.0,2924.32,86,1
44,100.0,4496.8,86,3
49,100.0,6397.44,86,3
32,80.55,2577.6,86,1
34,100.0,3533.62,86,1
30,100.0,3177.3,90,1
29,94.14,2730.06,90,1
22,85.99,1891.78,90,1
26,100.0,2612.48,90,1
32,91.43,2925.76,90,1
29,100.0,2940.02,90,1
34,96.86,3293.24,90,1
24,99.57,2389.68,90,1
24,90.52,2172.48,90,1
33,88.71,2927.43,90,1
26,100.0,2659.54,90,1
40,95.95,3838.0,90,3
44,94.14,4142.16,90,3
24,90.52,2172.48,90,1
20,94.14,1882.8,90,1
34,100.0,3477.86,90,1
34,97.76,3323.84,90,1
45,93.24,4195.8,90,3
41,100.0,4156.58,90,3
55,71.25,3918.75,90,2
23,100.0,2352.67,90,1
24,45.39,1089.36,90,0
32,84.41,2701.12,90,1
29,85.76,2487.04,90,1
36,100.0,3910.32,90,1
46,87.8,4038.8,90,2
32,95.95,3070.4,90,1
34,100.0,3763.46,99,1
24,100.0,2584.8,99,1
40,100.0,4427.6,99,3
26,82.77,2152.02,99,1
20,100.0,2353.4,99,1
31,100.0,3431.39,99,1
22,87.75,1930.5,99,1
42,100.0,4774.56,99,3
26,99.72,2592.72,99,1
37,87.75,3246.75,99,1
38,88.75,3372.5,99,1
35,100.0,3909.15,99,1
33,90.75,2994.75,99,1
39,100.0,4472.52,99,3
45,100.0,4576.95,99,3
24,100.0,2441.04,99,1
35,88.75,3106.25,99,1
23,100.0,2706.41,99,1
37,100.0,4021.53,99,1
55,87.75,4826.25,99,3
49,100.0,4935.28,99,3
26,100.0,2754.7,99,1
33,100.0,3856.71,99,1
37,83.84,3102.08,99,1
22,86.76,1908.72,99,1
22,100.0,2457.18,99,1
31,65.77,2038.87,72,0
38,65.77,2499.26,72,2
45,85.29,3838.05,72,2
31,85.29,2643.99,72,1
36,64.33,2315.88,72,2
46,70.11,3225.06,72,2
32,76.62,2451.84,72,0
39,57.82,2254.98,72,2
50,78.79,3939.5,72,2
46,74.45,3424.7,72,2
36,80.95,2914.2,72,2
29,82.4,2389.6,72,0
32,75.89,2428.48,72,0
44,68.67,3021.48,72,2
42,62.16,2610.72,72,2
47,65.77,3091.19,72,2
44,58.55,2576.2,72,2
43,75.17,3232.31,72,2
48,74.45,3573.6,72,2
21,96.31,2022.51,72,1
50,74.35,3717.5,72,2
29,75.35,2185.15,72,0
41,70.33,2883.53,72,2
37,100.0,5017.57,72,3
22,66.5,1463.0,72,0
31,75.89,2352.59,72,0
42,100.0,4460.82,101,3
42,100.0,4758.18,101,3
45,100.0,4597.2,101,3
36,100.0,4114.8,101,1
20,100.0,2104.0,101,1
39,81.93,3195.27,101,2
42,85.98,3611.16,101,2
23,86.99,2000.77,101,1
26,89.01,2314.26,101,1
33,100.0,3871.89,101,1
31,88.0,2728.0,101,1
50,100.0,5614.0,101,3
44,100.0,4628.8,101,3
45,80.92,3641.4,101,2
46,88.0,4048.0,101,3
27,85.98,2321.46,101,1
28,100.0,3256.96,101,1
40,100.0,4208.0,101,3
30,99.13,2973.9,101,1
34,100.0,4248.3,101,1
32,82.83,2650.56,101,1
27,100.0,3761.37,101,1
34,100.0,4301.34,101,1
34,54.84,1864.56,101,0
34,100.0,3576.8,101,1
46,80.92,3722.32,101,2
32,100.0,3986.56,118,1
24,100.0,3417.12,118,1
27,99.67,2691.09,118,1
20,100.0,2752.6,118,1
36,100.0,4527.72,118,3
29,100.0,3957.05,118,1
25,100.0,2818.0,118,1
29,100.0,3199.86,118,1
25,96.11,2402.75,118,1
44,100.0,6055.72,118,3
47,100.0,5465.16,118,3
48,100.0,6378.72,118,3
45,100.0,5392.8,118,3
35,100.0,3986.5,118,1
31,100.0,4009.23,118,1
50,100.0,7119.0,118,3
33,100.0,4072.2,118,1
29,100.0,4094.51,118,1
48,68.8,3302.4,118,2
44,72.42,3186.48,118,2
25,66.73,1668.25,118,0
50,100.0,7154.5,118,3
23,100.0,2810.83,118,1
21,96.11,2018.31,118,1
41,100.0,5642.83,118,3
44,74.4,3273.6,80,2
43,76.0,3268.0,80,2
28,96.0,2688.0,80,1
43,86.4,3715.2,80,2
48,96.0,4608.0,80,3
38,82.4,3131.2,80,2
31,86.4,2678.4,80,1
26,67.2,1747.2,80,0
32,92.0,2944.0,80,1
44,67.2,2956.8,80,2
27,76.0,2052.0,80,0
43,73.6,3164.8,80,2
25,69.6,1740.0,80,0
22,80.8,1777.6,80,0
21,87.2,1831.2,80,1
48,75.2,3609.6,80,2
33,64.0,2112.0,80,0
34,100.0,3644.12,80,1
43,81.95,3523.85,80,2
44,100.0,5001.92,80,3
44,100.0,5208.72,80,3
32,94.34,3018.88,80,1
29,65.6,1902.4,80,0
39,67.2,2620.8,80,2
39,81.14,3164.46,100,2
36,100.0,4219.2,100,1
42,91.15,3828.3,100,3
21,100.0,2334.99,100,1
50,88.15,4407.5,100,3
24,100.0,2812.8,100,1
44,92.16,4055.04,100,3
37,100.0,3891.66,100,1
27,92.16,2488.32,100,1
37,100.0,4447.4,100,3
38,100.0,4187.22,100,3
48,96.16,4615.68,100,3
30,100.0,3245.4,100,1
25,88.15,2203.75,100,1
40,86.15,3446.0,100,2
22,88.15,1939.3,100,1
34,100.0,3473.78,100,1
32,90.15,2884.8,100,1
31,86.15,2670.65,100,1
43,80.0,3440.0,100,2
31,89.38,2770.78,100,1
31,77.34,2397.54,100,1
34,96.34,3275.56,100,1
45,92.08,4143.6,100,3
48,100.0,5192.64,100,3
28,100.0,3029.04,100,1
22,100.0,2556.18,99,1
45,83.42,3753.9,99,2
30,85.41,2562.3,99,1
38,85.41,3245.58,99,2
20,100.0,2204.6,99,1
28,100.0,3003.0,99,1
24,100.0,2526.48,99,1
22,79.45,1747.9,99,1
35,93.35,3267.25,99,1
33,85.41,2818.53,99,1
31,95.34,2955.54,99,1
35,82.43,2885.05,99,1
35,90.37,3162.95,99,1
50,81.43,4071.5,99,2
26,100.0,2969.46,99,1
38,89.38,3396.44,99,1
45,100.0,4692.6,99,3
30,100.0,3515.7,99,1
37,91.37,3380.69,99,1
37,86.61,3204.57,99,1
36,71.89,2588.04,99,2
25,100.0,2854.75,99,1
37,100.0,4025.6,99,1
30,95.48,2864.4,99,1
36,100.0,3789.72,99,1
27,90.37,2439.99,99,1
48,61.44,2949.12,74,2
26,59.22,1539.72,74,0
26,85.13,2213.38,74,1
34,85.87,2919.58,74,2
44,85.87,3778.28,74,2
39,82.91,3233.49,74,2
45,76.25,3431.25,74,2
40,63.67,2546.8,74,2
42,70.33,2953.86,74,2
43,74.03,3183.29,74,2
34,72.55,2466.7,74,2
38,62.19,2363.22,74,2
35,71.07,2487.45,74,2
31,72.55,2249.05,74,0
32,64.41,2061.12,74,0
47,86.62,4071.14,74,2
39,68.11,2656.29,74,2
44,62.19,2736.36,74,2
39,85.87,3348.93,74,2
50,57.86,2893.0,74,2
22,75.51,1661.22,74,0
35,100.0,4277.35,74,1
45,55.62,2502.9,74,2
44,86.4,3801.6,74,2
36,87.36,3144.96,74,2
28,72.55,2031.4,74,0
43,62.19,2674.17,74,2
48,52.64,2526.72,49,2
28,48.17,1348.76,49,0
21,41.71,875.91,49,0
37,50.65,1874.05,49,0
34,49.16,1671.44,49,0
40,41.71,1668.4,49,0
45,51.15,2301.75,49,2
28,52.14,1459.92,49,0
29,41.71,1209.59,49,0
48,44.69,2145.12,49,2
31,45.69,1416.39,49,0
32,57.61,1843.52,49,0
21,57.11,1199.31,49,0
32,58.6,1875.2,49,0
43,57.61,2477.23,49,2
21,45.19,948.99,49,0
34,53.63,1823.42,49,0
34,43.7,1485.8,49,0
44,86.13,3789.72,49,2
27,76.31,2060.37,49,0
49,52.64,2579.36,49,2
23,95.2,2189.6,49,1
25,64.97,1624.25,49,0
50,87.15,4357.5,49,2
34,40.22,1367.48,49,0
20,56.12,1122.4,49,0
42,57.61,2419.62,49,2
25,56.78,1419.5,54,0
50,43.68,2184.0,54,2
32,64.97,2079.04,54,0
39,44.23,1724.97,54,0
50,60.06,3003.0,54,2
38,48.59,1846.42,54,0
40,50.23,2009.2,54,2
28,64.43,1804.04,54,0
42,50.23,2109.66,54,2
42,63.88,2682.96,54,2
36,63.34,2280.24,54,0
24,49.69,1192.56,54,0
23,65.52,1506.96,54,0
29,50.78,1472.62,54,0
37,45.86,1696.82,54,0
33,51.32,1693.56,54,0
32,60.06,1921.92,54,0
35,59.51,2082.85,54,0
40,55.69,2227.6,54,2
37,86.74,3209.38,54,2
42,97.16,4080.72,54,2
20,100.0,2244.4,54,1
29,100.0,3978.51,54,1
43,100.0,5417.57,54,3
34,62.24,2116.16,54,0
47,65.52,3079.44,54,2
